<?xml version="1.0"?>
<pagescount>
	<html_total>2</html_total>
	<html_done>2</html_done>
	<images>6</images>
	<script>37</script>
	<css>19</css>
	<pdf/>
	<documents/>
	<excel/>
	<powerpoint/>
	<flash/>
	<audios/>
	<videos/>
	<xml/>
	<json/>
	<txt/>
	<autocad/>
	<model_3d/>
	<fonts/>
	<scraping_reload>1</scraping_reload>
	<is_pretty_url>false</is_pretty_url>
	<has_trailing_slash>false</has_trailing_slash>
	<is_ebn>false</is_ebn>
	<email>info@mbo128.news</email>
	<is_valid_email>false</is_valid_email>
	<theme_name>WmdTheme577225</theme_name>
	<server_url_front_page>https://www.waybackmachinedownloader.com/scraping/files/demo/fullprop.cl_info_mbo128.news_f0fofwyjuo/</server_url_front_page>
	<no_www_url>fullprop.cl</no_www_url>
	<hosted_domain/>
	<original_archive_url>https://web.archive.org/web/20240622011822/http://fullprop.cl/</original_archive_url>
	<final_archive_url>https://web.archive.org/web/20240622011822/http://fullprop.cl/</final_archive_url>
	<front_page_code_date>20240622011822</front_page_code_date>
	<total_urls_from_api/>
	<max_reached_live>false</max_reached_live>
	<scrape_other_captures>false</scrape_other_captures>
	<action/>
	<current_scraping_url/>
	<total_size>2608</total_size>
</pagescount>
